Код ID;Наименование;Краткое описание;Маленькая картинка;Подробное описание;Большая картинка;Склад;Цена1;Цена2;Цена3;Цена4;Цена5;Вес;Артикул;Кaтегория ID; Доп. каталоги;Характеристика;Значение;Характеристика;Значение;Характеристика;Значение;Характеристика;Значение;Характеристика;Значение;Характеристика;Значение;Характеристика;Значение;;
;Окучник для мотоблока двухрядный;Окучник двухрядный ОН-2/2 для мотоблоков МБ-1 Ока, МБ-2 Нева, Салют, МКМ-3 Lander, Агрос, МТЗ Беларус, НМБ-1 Угра, Фаворит, Каскад, Луч;/UserFiles/Image/shop/inv1_3.jpg;Окучник двухрядный ОН-2/2 для мотоблоков МБ-1 Ока, МБ-2 Нева, Салют, МКМ-3 Lander, Агрос, МТЗ Беларус, НМБ-1 Угра, Фаворит, Каскад, Луч. Окучник предназначен для обработки почвы, а именно - окучивания, прополки, нарезания гряд в комплекте с мотоблоком. Окучник для мотоблока изготовлен из специальной конструкционной стали. Конструкция - разборная.;/UserFiles/Image/shop/inv1_3.jpg;99;3100;3100;0;0;0;15;;;;;;;;;;;;;;;;;;;
;Окучник ОН-2/2 для мотоблока;Окучник ОН-2/2 для мотоблоков МБ-1 Ока, МБ-2 Нева, Салют, МКМ-3 Lander, Агрос, МТЗ Беларус, НМБ-1 Угра, Фаворит, Каскад, Луч, а также мотокультиваторов;/UserFiles/Image/shop/okuchnik_OH-2_2-mini.png;Окучник ОН-2/2 для мотоблоков МБ-1 Ока, МБ-2 Нева, Салют, МКМ-3 Lander, Агрос, МТЗ Беларус, НМБ-1 Угра, Фаворит, Каскад, Луч, а также мотокультиваторов. Окучник предназначен для обработки почвы, а именно - окучивания, прополки, нарезания гряд в комплекте с мотоблоком. Окучник для мотоблока изготовлен из специальной конструкционной стали. Конструкция - разборная.;/UserFiles/Image/shop/okuchnik_OH-2_2.png;99;1000;1000;0;0;0;5;;;;Габаритные размеры;540х170х45 мм;Ширина захвата лемеха;420 мм;Рабочая скорость окучивания;2-5 км/ч;Масса;не более 5 кг;Производитель;Мобил К, г. Гагарин;Для установки на мотоблок необходима сцепка;;;;;
;Окучник ОН-2 для мотоблоков;Окучник ОН-2 для мотоблоков МБ-1 Ока, МБ-2 Нева, Салют, МКМ-3 Lander, Агрос, МТЗ Беларус, НМБ-1 Угра, Фаворит, Каскад, Луч, а также мотокультиваторов;/UserFiles/Image/shop/okuchnik_OH-2-mini.png;Окучник ОН-2 для мотоблоков МБ-1 Ока, МБ-2 Нева, Салют, МКМ-3 Lander, Агрос, МТЗ Беларус, НМБ-1 Угра, Фаворит, Каскад, Луч, а также мотокультиваторов. Окучник предназначен для обработки почвы, а именно - окучивания, прополки, нарезания гряд в комплекте с мотоблоком. Окучник для мотоблока изготовлен из специальной конструкционной стали. Конструкция - разборная.;/UserFiles/Image/shop/okuchnik_OH-2.png;99;900;900;0;0;0;4,4;;;;Габаритные размеры;450х130х45 мм;Ширина захвата лемеха;300 мм;Рабочая скорость окучивания;2-5 км/ч;Масса;не более 4,4 кг;Производитель;Мобил К, г. Гагарин;Для установки на мотоблок необходима сцепка;;;;;
;Плуг П1-20/2 для мотоблока;Плуг П1-20/2 для мотоблоков МБ-1 Ока, МБ-2 Нева, Салют, МКМ-3 Lander, НМБ-1 Угра, Фаворит, Каскад, Луч;/UserFiles/Image/shop/plug_P1_20_2-mini.png;Плуг П1-20/2 для мотоблоков МБ-1 Ока, МБ-2 Нева, Салют, МКМ-3 Lander, НМБ-1 Угра, Фаворит, Каскад, Луч. Плуг предназначен для вспашки почвы с удельным сопротивлением до 0,5 кг/см2 в комплекте с мотоблоком. Его геометрия позволяет легко обрабатывать почву. Плуг изготовлен из специальной конструкционной стали. Конструкция плуга - разборная.;/UserFiles/Image/shop/plug_P1_20_2.png;99;1200;1200;0;0;0;6,9;;;;Габаритные размеры;535х285х410 мм;Ширина захвата лемеха;190 мм;Рабочая скорость вспашки;2-5 км/ч;Вид почвы;легкая, средняя;Производитель;Мобил К, г. Гагарин;Для использования необходима;Сцепка;;;;
;Плуг П1-20/3 для мотоблока;Плуг П1-20/3 для мотоблоков Агрос, МТЗ Беларус;/UserFiles/Image/shop/plug_P1_20_3-mini.png;Плуг П1-20/3 для мотоблоков Агрос, МТЗ Беларус. Плуг предназначен для вспашки почвы с удельным сопротивлением до 0,5 кг/см2 в комплекте с мотоблоком. Его геометрия позволяет легко обрабатывать почву. Плуг изготовлен из специальной конструкционной стали. Конструкция плуга - разборная.;/UserFiles/Image/shop/plug_P1_20_3.png;99;1290;1290;0;0;0;7,9;;;;Габаритные размеры;535х310х410 мм;Ширина захвата лемеха;215 мм;Рабочая скорость вспашки;2-5 км/ч;Вид почвы;легкая, средняя;Производитель;Мобил К, г. Гагарин;Для использования необходима;Сцепка;;;;
;Плуг Крот для мотоблока;Плуг Крот  для мотоблоков МБ-1 Ока, МБ-2 Нева, Салют, МКМ-3 Lander, НМБ-1 Угра, Фаворит, Каскад, Луч, а также для мотокультиваторов;/UserFiles/Image/shop/plug_krot-mini.png;Плуг Крот для мотоблоков МБ-1 Ока, МБ-2 Нева, Салют, МКМ-3 Lander, НМБ-1 Угра, Фаворит, Каскад, Луч, а также для мотокультиваторов. Плуг предназначен для вспашки почвы с удельным сопротивлением до 0,5 кг/см2 в комплекте с мотоблоком. Его геометрия позволяет легко обрабатывать почву. Плуг изготовлен из специальной конструкционной стали. Конструкция плуга - разборная.;/UserFiles/Image/shop/plug_krot.png;99;990;990;0;0;0;4,6;;;;Габаритные размеры;440х250х430 мм;Ширина захвата лемеха;155 мм;Рабочая скорость вспашки;2-5 км/ч;Вид почвы;тяжелая;Производитель;Мобил К, г. Гагарин;Для использования необходима;Сцепка;;;;
;Плуг двухоборотный для мотоблока;Плуг двухоборотный для мотоблоков МБ-1 Ока, МБ-2 Нева, МКМ-3 Lander, НМБ-1 Угра, Каскад, Луч;/UserFiles/Image/shop/dvuxoborothii-mini.png;Плуг двухоборотный для мотоблоков МБ-1 Ока, МБ-2 Нева, МКМ-3 Lander, НМБ-1 Угра, Каскад, Луч. Плуг предназначен для вспашки почвы с удельным сопротивлением до 0,5 кг/см2 в комплекте с мотоблоком. Его геометрия позволяет легко обрабатывать почву. Плуг изготовлен из специальной конструкционной стали. Конструкция плуга - разборная.;/UserFiles/Image/shop/dvuxoborothii.png;99;4050;4050;0;0;0;15;;;;В конструкции используются 2 плуга Крот;;Ширина захвата лемеха;155 мм;Рабочая скорость вспашки;2-5 км/ч;Вид почвы;легкая, средняя;Производитель;Мобил К, г. Гагарин;Для использования необходима;Сцепка;;;;
;Почвофреза для мотоблоков;Почвофреза для мотоблоков Агрос, МТЗ Беларус;/UserFiles/Image/shop/adapter-mini.png;Почвофреза для мотоблоков Агрос, МТЗ Беларус;/UserFiles/Image/shop/adapter.png;99;17400;17400;0;0;0;;;;;Глубина культивации;8 см;Ширина захвата;61 см;Масса;40 кг;Габаритные размеры;800 х 660 х 450 мм;Производитель;Уфимское Моторостроительное ПО, г. Уфа;;;;;;
;Комплект культиваторов для мотоблоков;Комплект культиваторов для мотоблоков МБ-1 Ока, МБ-2 Нева, Салют, МКМ-3 Lander, Фаворит, Каскад, Луч;/UserFiles/Image/shop/freza_MB-mini.png;Комплект культиваторов для мотоблоков МБ-1 Ока, МБ-2 Нева, Салют, МКМ-3 Lander, Фаворит, Каскад, Луч;/UserFiles/Image/shop/freza_MB.png;99;2700;2700;0;0;0;;;;;2 двойные фрезы по 8 ножей;;Производитель;Мобил К, г. Гагарин;;;Обычно поставляются в комплекте с мотоблоком;;;;;;;;;
;Дополнительный комплект культиваторов МБ;Дополнительный комплект культиваторов МБ для мотоблоков МБ-1 Ока, МБ-2 Нева, Каскад, Луч;/UserFiles/Image/shop/kultivator_MB-mini.png;Дополнительный комплект культиваторов МБ для мотоблоков МБ-1 Ока, МБ-2 Нева, Каскад, Луч;/UserFiles/Image/shop/kultivator_MB.png;99;2100;2100;0;0;0;;;;;2 доп. фрезы (по 4 ножа);;Добавляется к комплекту культиваторов по 1 фрезе слева и справа для увеличения ширины культивации;;Ширина культивации с доп. Фрезами;90 см;Производитель;Мобил К, г. Гагарин;;;;;;;;
;Дополнительный комплект культиваторов для мотоблоков;Дополнительный комплект культиваторов для мотоблоков Салют, МКМ-3 Lander, Фаворит;/UserFiles/Image/shop/kultivator_salut-mini.png;Дополнительный комплект культиваторов для мотоблоков Салют, МКМ-3 Lander, Фаворит;/UserFiles/Image/shop/kultivator_salut.png;99;1900;1900;0;0;0;;;;;2 доп. фрезы (по 4 ножа);;Добавляется к комплекту культиваторов по 1 фрезе слева и справа для увеличения ширины культивации;;Ширина культивации с доп. Фрезами;90 см;Производитель;Мобил К, г. Гагарин;;;;;;;;
;"Нож культиватора - 1 шт. (левый/правый) 
для мотоблоков";"Нож культиватора - 1 шт. (левый/правый) 
для мотоблоков МБ-1 Ока, МБ-2 Нева, Салют, МКМ-3 Lander, Фаворит, Каскад, Луч, НМБ-1 Угра, Крот, Тарпан";/UserFiles/Image/shop/nogi-mini.png;"Нож культиватора - 1 шт. (левый/правый) 
для мотоблоков МБ-1 Ока, МБ-2 Нева, Салют, МКМ-3 Lander, Фаворит, Каскад, Луч, НМБ-1 Угра, Крот, Тарпан";/UserFiles/Image/shop/nogi.png;99;90;90;0;0;0;;;;;Производитель;Мобил К, г. Гагарин;;;;;;;;;;;;;;
;Стопор фрезы, колеса для мотоблоков;Стопор фрезы, колеса для мотоблоков МБ-1 Ока, МБ-2 Нева, Салют, МКМ-3 Lander, Фаворит, Каскад, Луч;/UserFiles/Image/shop/stopor-mini.png;Стопор фрезы, колеса для мотоблоков МБ-1 Ока, МБ-2 Нева, Салют, МКМ-3 Lander, Фаворит, Каскад, Луч;/UserFiles/Image/shop/stopor.png;99;100;100;0;0;0;;;;;Производитель;Мобил К, г. Гагарин;;;;;;;;;;;;;;
;Полольник для мотокультиватора;Полольник для мотокультиватора Тарпан, МК-100, МК-75, Крот;/UserFiles/Image/shop/pololniki_MKM-3-mini.png;Полольник для мотокультиватора Тарпан, МК-100, МК-75, Крот;/UserFiles/Image/shop/pololniki_MKM-3.png;99;1600;1600;0;0;0;;;;;Производитель;Мобил К, г. Гагарин;;;;;;;;;;;;;;
;Сцепка СВ-1/1 для мотоблоков;Сцепка СВ-1/1 для мотоблоков МБ-1 Ока, МБ-2 Нева, Салют, МКМ-3 Lander, НМБ-1 Угра, Фаворит, Каскад, Луч;/UserFiles/Image/shop/CB-1_1_MB-mini.png;Сцепка СВ-1/1 для мотоблоков МБ-1 Ока, МБ-2 Нева, Салют, МКМ-3 Lander, НМБ-1 Угра, Фаворит, Каскад, Луч;/UserFiles/Image/shop/CB-1_1_MB.png;99;1100;1100;0;0;0;;;;;Отличительная черта, которой обладает сцепка мотоблока СВ-1/1, – это возможность регулирования положения дополнительного навесного оборудования в трех плоскостях.;;Производитель;Мобил К, г. Гагарин;;;;;;;;;;;;
;Сцепка СВ-1/1 Агрос, Беларус;Сцепка СВ-1/1 (специализированная сцепка для мотоблоков Агрос, МТЗ Беларус);/UserFiles/Image/shop/CB-1_1_MB-mini.png;Сцепка СВ-1/1 (специализированная сцепка для мотоблоков Агрос, МТЗ Беларус);/UserFiles/Image/shop/CB-1_1_MB.png;99;1300;1300;0;0;0;;;;;"Эта сцепка, произведенная нашей компанией ""Мобил К"" (г. Гагарин), создана для работы практически со всем с/х навесным оборудованием. Она так же позволяет регулировать свое положение и угол атаки в 3 плоскостях. ";;Производитель;Мобил К, г. Гагарин;;;;;;;;;;;;
;Рама с двумя замками СВ-1/1 СУ-4 для мотоблоков;Рама с двумя замками СВ-1/1 СУ-4 для мотоблоков МБ-1 Ока, МБ-2 Нева, Салют, МКМ-3 Lander, НМБ-1 Угра, Фаворит, Каскад, Луч;/UserFiles/Image/shop/rama_CB-1_1-mini.png;Рама с двумя замками СВ-1/1 СУ-4 для мотоблоков МБ-1 Ока, МБ-2 Нева, Салют, МКМ-3 Lander, НМБ-1 Угра, Фаворит, Каскад, Луч;/UserFiles/Image/shop/rama_CB-1_1.png;99;1100;1100;0;0;0;;;;;Дополнительная комплектация для серии сцепок СВ-1/1. Это оборудование дает возможность монтировать на мотоблок одновременно два окучника.;;Производитель;Мобил К, г. Гагарин;;;;;;;;;;;;
;Рама с двумя замками СУ-4 для адаптера;Рама с двумя замками СУ-4 для адаптера АПМ-350;/UserFiles/Image/shop/rama_CB-1_1-mini.png;Рама с двумя замками СУ-4 для адаптера АПМ-350;/UserFiles/Image/shop/rama_CB-1_1.png;99;1100;1100;0;0;0;;;;;Это оборудование дает возможность монтировать на адаптер АПМ-350 одновременно два окучника или плуга.;;Производитель;Мобил К, г. Гагарин;;;;;;;;;;;;
;Сцепка База-2 для мотоблоков;Сцепка База-2 для мотоблоков МБ-1 Ока, МБ-2 Нева, МКМ-3 Lander, НМБ-1 Угра, Каскад, Луч;/UserFiles/Image/shop/baza_2_MB-mini.png;Сцепка База-2 для мотоблоков МБ-1 Ока, МБ-2 Нева, МКМ-3 Lander, НМБ-1 Угра, Каскад, Луч;/UserFiles/Image/shop/baza_2_MB.png;99;750;750;0;0;0;;;;;"Самый экономный вариант для нерасточительных хозяев. Эта сцепка мотоблока не рассчитана на установку рамы с двумя замками.
Не позволяет устанавливать раму с двумя замками";;Производитель;Мобил К, г. Гагарин;;;;;;;;;;;;
;Сцепка База для мотоблоков;Сцепка База для мотоблоков Салют, Фаворит;/UserFiles/Image/shop/sv-2-mini.png;Сцепка База для мотоблоков Салют, Фаворит;/UserFiles/Image/shop/sv-2.png;99;600;600;0;0;0;;;;;Самый экономный вариант для нерасточительных хозяев. Эта сцепка мотоблока не рассчитана на установку рамы с двумя замками. ;;Производитель;Мобил К, г. Гагарин;;;;;;;;;;;;
;Сцепка МК-100;Сцепка МК-100;;Сцепка МК-100;;99;500;500;0;0;0;;;;;Производитель;Мобил К, г. Гагарин;;;;;;;;;;;;;;
;Сцепка МКМ-75;Сцепка МКМ-75;;Сцепка МКМ-75;;99;550;550;0;0;0;;;;;Производитель;Мобил К, г. Гагарин;;;;;;;;;;;;;;
;Сцепка Крот;Сцепка Крот;;Сцепка Крот;;99;600;600;0;0;0;;;;;Производитель;Мобил К, г. Гагарин;;;;;;;;;;;;;;
;Грунтозацепы ?600 мм для мотоблоков;Грунтозацепы ?600 мм для мотоблоков МБ-1 Ока, МБ-2 Нева, Салют, МКМ-3 Lander, Фаворит, Каскад, Луч - комплект;/UserFiles/Image/shop/600-mini.png;Грунтозацепы ?600 мм для мотоблоков МБ-1 Ока, МБ-2 Нева, Салют, МКМ-3 Lander, Фаворит, Каскад, Луч - комплект;/UserFiles/Image/shop/600.png;99;2700;2700;0;0;0;;;;;Диаметр номинальный;600 мм;Ширина;130 мм;Тип обода;цельный;Назначение;нарезание гряд, окучивание;Производитель;Мобил К, г. Гагарин;Посадочный диаметр;30 / 34,3 мм;Устанавливаются на удлинители;;;
;Грунтозацепы ?425x200 мм для мотоблоков;Грунтозацепы ?425x200 мм для мотоблоков МБ-1 Ока, МБ-2 Нева, Салют, МКМ-3 Lander, Фаворит, Каскад, Луч - комплект;/UserFiles/Image/shop/gr_treh-mini.png;Грунтозацепы ?425x200 мм для мотоблоков МБ-1 Ока, МБ-2 Нева, Салют, МКМ-3 Lander, Фаворит, Каскад, Луч - комплект;/UserFiles/Image/shop/gr_treh.png;99;2400;2400;0;0;0;;;;;Диаметр номинальный;425 мм;Ширина;200 мм;Тип обода;трехполозный;Назначение;вспашка;Производитель;Мобил К, г. Гагарин;Посадочный диаметр;31 / 34,3 мм;Устанавливаются на удлинители;;;
;Грунтозацепы ?500x200 мм для мотоблоков;Грунтозацепы ?500x200 мм для мотоблоков МБ-1 Ока, МБ-2 Нева, Салют, МКМ-3 Lander, Фаворит, Каскад, Луч - комплект;/UserFiles/Image/shop/gr_treh-mini.png;Грунтозацепы ?500x200 мм для мотоблоков МБ-1 Ока, МБ-2 Нева, Салют, МКМ-3 Lander, Фаворит, Каскад, Луч - комплект;/UserFiles/Image/shop/gr_treh.png;99;2700;2700;0;0;0;;;;;Диаметр номинальный;500 мм;Ширина;200 мм;Тип обода;трехполозный;Назначение;вспашка;Производитель;Мобил К, г. Гагарин;Посадочный диаметр;32 / 34,3 мм;Устанавливаются на удлинители;;;
;Грунтозацепы ?460x160 мм для мотоблоков;Грунтозацепы ?460x160 мм для мотоблоков МБ-1 Ока, МБ-2 Нева, Салют, МКМ-3 Lander, Фаворит, Каскад, Луч - комплект;/UserFiles/Image/shop/gr_dvux-mini.png;Грунтозацепы ?460x160 мм для мотоблоков МБ-1 Ока, МБ-2 Нева, Салют, МКМ-3 Lander, Фаворит, Каскад, Луч - комплект;/UserFiles/Image/shop/gr_dvux.png;99;2500;2500;0;0;0;;;;;Диаметр номинальный;460 мм;Ширина;160 мм;Тип обода;двухполозный;Назначение;вспашка, нарезание гряд и раннее окучивание;Производитель;Мобил К, г. Гагарин;Посадочный диаметр;32 / 34,3 мм;Устанавливаются на удлинители;;;
;Грунтозацепы ?425 мм для мотоблоков;Грунтозацепы ?425 мм для мотоблоков МБ-1 Ока, МБ-2 Нева, Салют, МКМ-3 Lander, Фаворит, Каскад, Луч - комплект;;Грунтозацепы ?425 мм для мотоблоков МБ-1 Ока, МБ-2 Нева, Салют, МКМ-3 Lander, Фаворит, Каскад, Луч - комплект;;99;1850;1850;0;0;0;;;;;Диаметр номинальный;425мм;Ширина;130 мм;Тип обода;цельный;Назначение;нарезание гряд, раннее окучивание;Производитель;Мобил К, г. Гагарин;Посадочный диаметр;32 / 34,3 мм;Устанавливаются на удлинители;;;
;Грунтозацепы ?500 мм для мотоблоков ;Грунтозацепы ?500 мм для мотоблоков МБ-1 Ока, МБ-2 Нева, Салют, МКМ-3 Lander, Фаворит, Каскад, Луч - комплект;;Грунтозацепы ?500 мм для мотоблоков МБ-1 Ока, МБ-2 Нева, Салют, МКМ-3 Lander, Фаворит, Каскад, Луч - комплект;;99;2100;2100;0;0;0;;;;;Диаметр номинальный;500 мм;Ширина;130 мм;Тип обода;цельный;Назначение;нарезание гряд, окучивание;Производитель;Мобил К, г. Гагарин;Посадочный диаметр;32 / 34,3 мм;Устанавливаются на удлинители;;;
;Грунтозацепы Крот;Грунтозацепы Крот - комплект;/UserFiles/Image/shop/gr_krot-mini.png;Грунтозацепы Крот - комплект;/UserFiles/Image/shop/gr_krot.png;99;1500;1500;0;0;0;;;;;Диаметр номинальный;360 мм;Ширина;110 мм;Тип обода;цельный;Производитель;Мобил К, г. Гагарин;;;;;;;;
;Грунтозацепы МК-100, Крот/МК-3;Грунтозацепы МК-100, Крот/МК-3 - комплект;;Грунтозацепы МК-100, Крот/МК-3 - комплект;;99;1500;1500;0;0;0;;;;;Диаметр номинальный;300 мм;Ширина;90 мм;Тип обода;двухполозный;Производитель;Мобил К, г. Гагарин;;;;;;;;
;Грунтозацепы ?320x200 мм для мотокультиваторов МК-100;Грунтозацепы для мотокультиваторов МК-100 ?320x200 мм - комплект;;Грунтозацепы для мотокультиваторов МК-100 ?320x200 мм - комплект;;99;2050;2050;0;0;0;;;;;Диаметр номинальный;320 мм;Ширина;200 мм;Тип обода;трехполозный;Назначение;вспашка;Производитель;Мобил К, г. Гагарин;;;;;;
;Грунтозацепы ?350x110 мм;Грунтозацепы ?350x110 мм для мотоблоков Pubert, Салют, МКМ-3 Lander - комплект;;Грунтозацепы ?350x110 мм для мотоблоков Pubert, Салют, МКМ-3 Lander - комплект;;99;1850;1850;0;0;0;;;;;Диаметр номинальный;350 мм;Ширина;110 мм;Тип обода;двухполозный;Назначение;окучивание одним окучником, без снятия крыльев;Посадочный диаметр;25 мм. Устанавливаются без удлинителей;Производитель;Мобил К, г. Гагарин;;;;
;Грунтозацепы ?350х130 мм для мотоблока НМБ-1;Грунтозацепы ?350х130 мм для мотоблока НМБ-1 - комплект;/UserFiles/Image/shop/gr_NMB_350x130-mini.png;Грунтозацепы ?350х130 мм для мотоблока НМБ-1 - комплект;/UserFiles/Image/shop/gr_NMB_350x130.png;99;1950;1950;0;0;0;;;;;Диаметр номинальный;350 мм;Ширина;130 мм;Тип обода;двухполозный;Устанавливается на дулиниители;;Производитель;Мобил К, г. Гагарин;;;;;;
;Грунтозацепы ?500х130 мм для мотоблока НМБ-1;Грунтозацепы ?500х130 мм для мотоблока НМБ-1 - комплект;/UserFiles/Image/shop/gr_500x130-mini.png;Грунтозацепы ?500х130 мм для мотоблока НМБ-1 - комплект;/UserFiles/Image/shop/gr_500x130.png;99;2100;2100;0;0;0;;;;;Диаметр номинальный;500 мм;Ширина;130 мм;Тип обода;двухполозный;Устанавливается на дулиниители;;Производитель;Мобил К, г. Гагарин;;;;;;
;Грунтозацепы для мотоблока Агрос, МТЗ Беларус;Грунтозацепы для мотоблока Агрос, МТЗ Беларус - комплект;;Грунтозацепы для мотоблока Агрос, МТЗ Беларус - комплект;;99;2900;2900;0;0;0;;;;;Диаметр номинальный;600 мм;Ширина;130 мм;Тип обода;двухполозный;Устанавливается на дулиниители;;Производитель;Мобил К, г. Гагарин;;;;;;
;Удлинитель грунтозацепов для мотоблоков ;Удлинитель грунтозацепов для мотоблоков МБ-1 Ока, МБ-2 Нева, Каскад - комплект;/UserFiles/Image/shop/udlin_gr_MB-mini.png;Удлинитель грунтозацепов для мотоблоков МБ-1 Ока, МБ-2 Нева, Каскад - комплект;/UserFiles/Image/shop/udlin_gr_MB.png;99;700;700;0;0;0;;;;;Позволяют расширить колею при установке грунтозацепов;;Колея;60 см (между центрами грунтозацепов);Производитель;Мобил К, г. Гагарин;;;;;;;;;;
;Картофелевыкапыватель КВ-3 для мотоблоков;Картофелевыкапыватель КВ-3 для мотоблоков МБ-1 Ока, МБ-2 Нева, Салют, МКМ-3 Lander, Агрос, МТЗ Беларус, НМБ-1, Фаворит, Каскад, Луч;/UserFiles/Image/shop/KV-3-mini.png;Картофелевыкапыватель КВ-3 для мотоблоков МБ-1 Ока, МБ-2 Нева, Салют, МКМ-3 Lander, Агрос, МТЗ Беларус, НМБ-1, Фаворит, Каскад, Луч;/UserFiles/Image/shop/KV-3.png;99;1000;1000;0;0;0;;;;;Длина x ширина x высота;540х410х410 мм;Ширина захвата лемеха;410 мм;Рабочая скорость;2-5 км/ч;Масса ;не более 5,2 кг;Тип почвы;легкая, средняя;Производитель ;Мобил К, г. Гагарин;Для установки на мотоблок необходима сцепка;;;
;Картофелевыкапыватель КВ-2 для мотокультиваторов;Картофелевыкапыватель КВ-2 для мотокультиваторов Тарпан, МК-100, Крот;/UserFiles/Image/shop/KV-2-mini.png;Картофелевыкапыватель КВ-2 для мотокультиваторов Тарпан, МК-100, Крот;/UserFiles/Image/shop/KV-2.png;99;750;750;0;0;0;;;;;Длина x ширина x высота;460х305х360 мм;Ширина захвата лемеха;305 мм;Рабочая скорость;2-5 км/ч;Масса ;не более 3,3 кг;Тип почвы;тяжелая;Производитель ;Мобил К, г. Гагарин;Для установки на мотоблок необходима сцепка;;;
;Щетка ЩМ-0,9 Торнадо для мотоблоков;Щетка ЩМ-0,9 Торнадо для мотоблоков МБ-1 Ока, МБ-2 Нева, Салют, МКМ-3 Lander, Фаворит;/UserFiles/Image/shop/shetka_MB_mini.png;Щетка ЩМ-0,9 Торнадо для мотоблоков МБ-1 Ока, МБ-2 Нева, Салют, МКМ-3 Lander, Фаворит;/UserFiles/Image/shop/shetka_MB.png;99;18490;18490;0;0;0;;;;;Диаметр;350 мм;Ширина захвата;1 м;Угол установки щетки;плюс/минус 20°;Рабочая скорость движения;2,5-5 км/ч;Масса ;45 кг;Производитель;Мобил К, г. Гагарин;;;;
;Щетка ЩМ-0,9 Торнадо для мотоблоков Агрос, МТЗ Беларус;Щетка ЩМ-0,9 Торнадо для мотоблоков Агрос, МТЗ Беларус;/UserFiles/Image/shop/shetka_Agro_mini.png;Щетка ЩМ-0,9 Торнадо для мотоблоков Агрос, МТЗ Беларус;/UserFiles/Image/shop/shetka_Agro.png;99;18600;18600;0;0;0;;;;;Диаметр;400-450 мм;Ширина захвата;1 м;Угол установки щетки;плюс/минус 20°;Рабочая скорость движения;2,5-5 км/ч;Масса ;45 кг;Производитель;Мобил К, г. Гагарин;;;;
;Снегоуборщик СМ-0,6 Мегалодон для мотоблоков;Снегоуборщик СМ-0,6 Мегалодон для мотоблоков МБ-1 Ока, МБ-2 Нева, МКМ-3 Lander, Каскад;/UserFiles/Image/shop/mb,lander_mini.png;Снегоуборщик СМ-0,6 Мегалодон для мотоблоков МБ-1 Ока, МБ-2 Нева, МКМ-3 Lander, Каскад;/UserFiles/Image/shop/mb,lander.png;99;14700;14700;0;0;0;;;;;Ширина захвата;660 мм;Высота захвата;250 мм;Дальность выброса снега ;до 7 м;Рабочая скорость движения;2-4 км/ч;Масса ;42 кг;Производитель;Мобил К, г. Гагарин;;;;
;Снегоуборщик СМ-0,6 Мегалодон для мотоблоков Салют, Фаворит;Снегоуборщик СМ-0,6 Мегалодон для мотоблоков Салют, Фаворит;/UserFiles/Image/shop/salut_mini.png;Снегоуборщик СМ-0,6 Мегалодон для мотоблоков Салют, Фаворит;/UserFiles/Image/shop/salut.png;99;14900;14900;0;0;0;;;;;Ширина захвата;660 мм;Высота захвата;250 мм;Дальность выброса снега ;до 7 м;Рабочая скорость движения;2-4 км/ч;Масса ;42 кг;Производитель;Мобил К, г. Гагарин;;;;
;Снегоуборщик СМ-0,6 Мегалодон двухконтурный для мотоблоков;Снегоуборщик СМ-0,6 Мегалодон двухконтурный для мотоблоков Агрос, МТЗ Беларус;/UserFiles/Image/shop/agropered_mini.png;Снегоуборщик СМ-0,6 Мегалодон двухконтурный для мотоблоков Агрос, МТЗ Беларус;/UserFiles/Image/shop/agropered.png;99;20400;20400;0;0;0;;;;;Ширина захвата;750 мм;Высота захвата;350 мм;Дальность выброса снега ;до 9 м;Рабочая скорость движения;2-4 км/ч;Масса ;50 кг;Производитель;Мобил К, г. Гагарин;;;;
;Снегоуборщик СМ-0,6 Мегалодон двухконтурный для мотоблока НМБ-1 Угра;Снегоуборщик СМ-0,6 Мегалодон двухконтурный для мотоблока НМБ-1 Угра;/UserFiles/Image/shop/agropered_mini.png;Снегоуборщик СМ-0,6 Мегалодон двухконтурный для мотоблока НМБ-1 Угра;/UserFiles/Image/shop/agropered.png;99;20400;20400;0;0;0;;;;;Ширина захвата;750 мм;Высота захвата;350 мм;Дальность выброса снега ;до 9 м;Рабочая скорость движения;2-4 км/ч;Масса ;50 кг;Производитель;Мобил К, г. Гагарин;;;;
;Косилка КМ-0,5 Терминатор для мотоблоков;Косилка КМ-0,5 Терминатор для мотоблоков Салют, МКМ-3 Lander;/UserFiles/Image/shop/KM05_salut_sboku_mini_favorit.png;Косилка КМ-0,5 Терминатор для мотоблоков Салют, МКМ-3 Lander;/UserFiles/Image/shop/KM05_salut_sboku.png;99;10700;10700;0;0;0;;;;;Ширина захвата;50 см;Высота скашиваемой травы;до 50 см;Высота среза;от 5 мм;Рабочая скорость движения;0,5-4 км/ч;Масса;35 кг;Производитель;Мобил К, г. Гагарин;;;;
;Косилка КМ-0,5 Терминатор для мотоблоков Агрос, МТЗ Беларус;Косилка КМ-0,5 Терминатор для мотоблоков Агрос, МТЗ Беларус;;Косилка КМ-0,5 Терминатор для мотоблоков Агрос, МТЗ Беларус;;99;14990;14990;0;0;0;;;;;Ширина захвата;50 см;Высота скашиваемой травы;до 50 см;Высота среза;от 5 мм;Рабочая скорость движения;0,5-4 км/ч;Масса;35 кг;Производитель;Мобил К, г. Гагарин;;;;
;Косилка роторная Заря для мотоблоков МБ-1 Ока, МБ-2 Нева, МКМ-3 Lander, Каскад, Луч, Агрос (Агро), МТЗ Беларус;Косилка роторная Заря для мотоблоков МБ-1 Ока, МБ-2 Нева, МКМ-3 Lander, Каскад, Луч, Агрос (Агро), МТЗ Беларус;;Косилка роторная Заря для мотоблоков МБ-1 Ока, МБ-2 Нева, МКМ-3 Lander, Каскад, Луч, Агрос (Агро), МТЗ Беларус;;99;13990;13990;0;0;0;;;;;Ширина захвата;80 см;Высота скашиваемой травы;до 100 см;Высота среза;от 5 мм;Рабочая скорость движения;2-4 км/ч;Масса;33 кг;Габаритные размеры;810 x 930 x 780 мм;Производитель;Кадви, г. Калуга;;
;Косилка роторная Заря для мотоблока Салют;Косилка роторная Заря для мотоблока Салют;;Косилка роторная Заря для мотоблока Салют;;99;14500;14500;0;0;0;;;;;Ширина захвата;80 см;Высота скашиваемой травы;до 100 см;Высота среза;от 5 мм;Рабочая скорость движения;2-4 км/ч;Масса;33 кг;Габаритные размеры;810 x 930 x 780 мм;Производитель;Кадви, г. Калуга;;
;Косилка роторная Заря-1 для мотоблока НМБ-1;Косилка роторная Заря-1 для мотоблока НМБ-1;;Косилка роторная Заря-1 для мотоблока НМБ-1;;99;14990;14990;0;0;0;;;;;Ширина захвата;80 см;Высота скашиваемой травы;до 100 см;Высота среза;от 5 мм;Рабочая скорость движения;2-4 км/ч;Масса;35 кг;Габаритные размеры;492 x 842 x 497 мм;Производительность ;0,2 га/ч;Производитель;Кадви, г. Калуга
;Переходник-адаптер для роторной косилки Заря к мотоблоку МКМ-3 Lander;Переходник-адаптер для роторной косилки Заря к мотоблоку МКМ-3 Lander;/UserFiles/Image/shop/perehodnik_MKM-3_mini.png;Переходник-адаптер для роторной косилки Заря к мотоблоку МКМ-3 Lander;/UserFiles/Image/shop/perehodnik_MKM-3.png;99;600;600;0;0;0;;;;;Необходим для установки роторной косилки Заря ;(модификация для мотоблоков МБ) на мотоблок МКМ-3 Lander (Пахарь);Производитель;Мобил К, г. Гагарин;;;;;;;;;;;;
;Редуктор-переходник ПМБ-1 для роторной косилки Заря к мотоблокам;Редуктор-переходник ПМБ-1 для роторной косилки Заря к мотоблокам Агрос, МТЗ Беларус;;Редуктор-переходник ПМБ-1 для роторной косилки Заря к мотоблокам Агрос, МТЗ Беларус;;99;8400;8400;0;0;0;;;;;Позволяет использовать роторную косилку Заря ;(модификация для мотоблоков МБ) на мотоблоках Агрос (Агро) и МТЗ Беларус;;;;;;;;;;;;;;
;Косилка Агрос сегментная;Косилка Агрос сегментная;;Косилка Агрос сегментная;;99;16500;16500;0;0;0;;;;;;;;;;;;;;;;;;;;
;Нож косилки Заря;Нож косилки Заря - 1 шт.;/UserFiles/Image/shop/noz_mini.png;Нож косилки Заря - 1 шт.;/UserFiles/Image/shop/noz.png;99;100;100;0;0;0;;;;;;;;;;;;;;;;;;;;
;Ось ножа (палец) косилки Заря;Ось ножа (палец) косилки Заря - 1 шт.;/UserFiles/Image/shop/palesmini.png;Ось ножа (палец) косилки Заря - 1 шт.;/UserFiles/Image/shop/pales.png;99;100;100;0;0;0;;;;;;;;;;;;;;;;;;;;
;Лопата мотоблочная (отвал) для мотоблоков;Лопата мотоблочная (отвал) для мотоблоков МБ-1 Ока, МБ-2 Нева, Салют, МКМ-3 Lander, Фаворит, Каскад, Луч;/UserFiles/Image/shop/lopata_MB.png;Лопата мотоблочная (отвал) для мотоблоков МБ-1 Ока, МБ-2 Нева, Салют, МКМ-3 Lander, Фаворит, Каскад, Луч;/UserFiles/Image/shop/lopata_MB.png;99;4700;4700;0;0;0;;;;;Габаритные размеры;1000х280х370 мм;Ширина захвата;1 м;Угол установки ножа;плюс/минус 30°;Рабочая скорость движения;2-5 км/ч;Масса;13 кг;Производитель;Мобил К, г. Гагарин;;;;
;Лопата мотоблочная (отвал) для мотоблоков Агрос, МТЗ Беларус;Лопата мотоблочная (отвал) для мотоблоков Агрос, МТЗ Беларус;/UserFiles/Image/shop/lopata_agro-mini.png;Лопата мотоблочная (отвал) для мотоблоков Агрос, МТЗ Беларус;/UserFiles/Image/shop/lopata_agro.png;99;5600;5600;0;0;0;;;;;Габаритные размеры;1000х280х370 мм;Ширина захвата;1 м;Угол установки ножа;плюс/минус 30°;Рабочая скорость движения;2-5 км/ч;Масса;13 кг;Производитель;Мобил К, г. Гагарин;;;;
;Тележка ТПМ-350-2 для мотоблоков;Тележка ТПМ-350-2 для мотоблоков МБ-1 Ока, МБ-2 Нева, Салют, МКМ-3 Lander, Агрос, МТЗ Беларус, НМБ-1 Угра, Фаворит, Каскад, Луч;/UserFiles/Image/shop/telegka_TPM350 -mini.png;Тележка ТПМ-350-2 для мотоблоков МБ-1 Ока, МБ-2 Нева, Салют, МКМ-3 Lander, Агрос, МТЗ Беларус, НМБ-1 Угра, Фаворит, Каскад, Луч;/UserFiles/Image/shop/telegka_TPM350 .png;99;13300;13300;0;0;0;;;;;Габаритные размеры кузова;100х80 см;Длина;240 см;Ширина ;110 см;Кузов;неоцинкованный;Рабочая скорость движения;2-5 км/ч;Грузоподъемность ;500 кг;Производитель;Мобил К, г. Гагарин;;
;Тележка ТПМ-350-1 для мотоблоков;Тележка ТПМ-350-1 для мотоблоков МБ-1 Ока, МБ-2 Нева, Салют, МКМ-3 Lander, Агрос, МТЗ Беларус, НМБ-1 Угра, Фаворит, Каскад, Луч;/UserFiles/Image/shop/telegka_TPM350 -mini.png;Тележка ТПМ-350-1 для мотоблоков МБ-1 Ока, МБ-2 Нева, Салют, МКМ-3 Lander, Агрос, МТЗ Беларус, НМБ-1 Угра, Фаворит, Каскад, Луч;/UserFiles/Image/shop/telegka_TPM350 .png;99;13500;13500;0;0;0;;;;;Габаритные размеры кузова;120х100 см;Длина;260 см;Ширина ;130 см;Кузов;неоцинкованный;Рабочая скорость движения;2-5 км/ч;Грузоподъемность ;500 кг;Производитель;Мобил К, г. Гагарин;;
;Тележка ТПМ-350-1 оцинкованная для мотоблоков;Тележка ТПМ-350-1 оцинкованная для мотоблоков МБ-1 Ока, МБ-2 Нева, Салют, МКМ-3 Lander, Агрос, МТЗ Беларус, НМБ-1 Угра, Фаворит, Каскад, Луч;/UserFiles/Image/shop/telegka_TPM350_osinkovannaya-mini.png;Тележка ТПМ-350-1 оцинкованная для мотоблоков МБ-1 Ока, МБ-2 Нева, Салют, МКМ-3 Lander, Агрос, МТЗ Беларус, НМБ-1 Угра, Фаворит, Каскад, Луч;/UserFiles/Image/shop/telegka_TPM350_osinkovannaya.png;99;14000;14000;0;0;0;;;;;Габаритные размеры кузова;120х100 см;Длина;260 см;Ширина ;130 см;Кузов;оцинкованный;Рабочая скорость движения;2-5 км/ч;Грузоподъемность ;500 кг;Производитель;Мобил К, г. Гагарин;;
;Тележка ТПМ-350 для мотоблоков;Тележка ТПМ-350 для мотоблоков МБ-1 Ока, МБ-2 Нева, Салют, МКМ-3 Lander, Агрос, МТЗ Беларус, НМБ-1 Угра, Фаворит, Каскад, Луч;/UserFiles/Image/shop/telegka_TPM350 -mini.png;Тележка ТПМ-350 для мотоблоков МБ-1 Ока, МБ-2 Нева, Салют, МКМ-3 Lander, Агрос, МТЗ Беларус, НМБ-1 Угра, Фаворит, Каскад, Луч;/UserFiles/Image/shop/telegka_TPM350 .png;99;14000;14000;0;0;0;;;;;Габаритные размеры кузова;150х120 см;Длина;280 см;Ширина ;150 см;Кузов;неоцинкованный;Рабочая скорость движения;2-5 км/ч;Грузоподъемность ;500 кг;Производитель;Мобил К, г. Гагарин;;
;Тележка ТПМ-350 оцинкованная для мотоблоков;Тележка ТПМ-350 оцинкованная для мотоблоков МБ-1 Ока, МБ-2 Нева, Салют, МКМ-3 Lander, Агрос, МТЗ Беларус, НМБ-1 Угра, Фаворит, Каскад, Луч;/UserFiles/Image/shop/telegka_TPM350_osinkovannaya-mini.png;Тележка ТПМ-350 оцинкованная для мотоблоков МБ-1 Ока, МБ-2 Нева, Салют, МКМ-3 Lander, Агрос, МТЗ Беларус, НМБ-1 Угра, Фаворит, Каскад, Луч;/UserFiles/Image/shop/telegka_TPM350_osinkovannaya.png;99;14500;14500;0;0;0;;;;;Габаритные размеры кузова;150х120 см;Длина;280 см;Ширина ;150 см;Кузов;оцинкованный;Рабочая скорость движения;2-5 км/ч;Грузоподъемность ;500 кг;Производитель;Мобил К, г. Гагарин;;
;Адаптер АПМ-350 с кузовом для мотоблоков;Адаптер АПМ-350 для мотоблоков МБ-1 Ока, МБ-2 Нева, Салют, МКМ-3 Lander, Агрос, МТЗ Беларус, НМБ-1 Угра, Фаворит, Каскад, Луч;/UserFiles/Image/shop/adapter-mini.png;Адаптер АПМ-350 для мотоблоков МБ-1 Ока, МБ-2 Нева, Салют, МКМ-3 Lander, Агрос, МТЗ Беларус, НМБ-1 Угра, Фаворит, Каскад, Луч;/UserFiles/Image/shop/adapter.png;99;16500;16500;0;0;0;;;;;В комплекте с неоцинкованным кузовом;;Габаритные размеры кузова;100х80 см;Длина;160 см;Ширина ;70 см;Кузов;неоцинкованный;Рабочая скорость движения;2-5 км/ч;Грузоподъемность ;500 кг;Производитель;Мобил К, г. Гагарин
;Адаптер АПМ-350 без кузова для мотоблоков;Адаптер АПМ-350 для мотоблоков МБ-1 Ока, МБ-2 Нева, Салют, МКМ-3 Lander, Агрос, МТЗ Беларус, НМБ-1 Угра, Фаворит, Каскад, Луч;/UserFiles/Image/shop/adapter-mini.png;Адаптер АПМ-350 для мотоблоков МБ-1 Ока, МБ-2 Нева, Салют, МКМ-3 Lander, Агрос, МТЗ Беларус, НМБ-1 Угра, Фаворит, Каскад, Луч;/UserFiles/Image/shop/adapter.png;99;14500;14500;0;0;0;;;;;Без кузова;;Длина;160 см;Ширина ;70 см;Рабочая скорость движения;2-5 км/ч;Производитель;Мобил К, г. Гагарин;;;;;;
;Насос водяной (помпа) НМЦ для мотоблоков;Насос водяной (помпа) НМЦ для мотоблоков МБ-1 Ока, МБ-2 Нева, Каскад, Луч - Новинка!;/UserFiles/Image/shop/nasos_mb-mini.png;Насос водяной (помпа) НМЦ для мотоблоков МБ-1 Ока, МБ-2 Нева, Каскад, Луч - Новинка!;/UserFiles/Image/shop/nasos_mb.png;99;3800;3800;0;0;0;;;;;Гарантированная всасывающая способность;4 м;Высота подачи воды;24 м;Производительность;12 м3/ч;Количество оборотов рабочего колеса ;3600 об./мин;Наружный диаметр всасывающего/выпускного штуцера;40 мм;Масса;6 кг;Производитель;Мобил К, г. Гагарин;;
;Переключатель скоростей для мотоблока МКМ-3 Lander;Переключатель скоростей для мотоблока МКМ-3 Lander;;Переключатель скоростей для мотоблока МКМ-3 Lander;;99;1300;1300;0;0;0;;;;;;;;;;;;;;;;;;;;
;Колесо резиновое 4,0х8 для мотоблоко;Колесо резиновое 4,0х8 для мотоблоков МКМ-3 Lander, Салют - 1 шт.;/UserFiles/Image/shop/4x8sobstvennoekoleso-mini.png;Колесо резиновое 4,0х8 для мотоблоков МКМ-3 Lander, Салют - 1 шт.;/UserFiles/Image/shop/4x8sobstvennoekoleso.png;99;2000;2000;0;0;0;;;;;;;;;;;;;;;;;;;;
;Мотошина 4,0х8 (елочка) для мотоблоков;Мотошина 4,0х8 (елочка) для мотоблоков МКМ-3 Lander, Салют - 1 шт.;;Мотошина 4,0х8 (елочка) для мотоблоков МКМ-3 Lander, Салют - 1 шт.;;99;850;850;0;0;0;;;;;;;;;;;;;;;;;;;;
;Мотошина 4,0х10 (елочка) для мотоблоков, тележек серии ТПМ-350,адаптера АПМ-350;"Мотошина 4,0х10 (елочка) для мотоблоков МБ-1 Ока, МБ-2 Нева, Каскад; тележек серии ТПМ-350, а также адаптера АПМ-350 - 1 шт.";;"Мотошина 4,0х10 (елочка) для мотоблоков МБ-1 Ока, МБ-2 Нева, Каскад; тележек серии ТПМ-350, а также адаптера АПМ-350 - 1 шт.";;99;1050;1050;0;0;0;;;;;;;;;;;;;;;;;;;;
;Мотошина 4,5х10 (елочка);Мотошина 4,5х10 (елочка) - 1 шт.;;Мотошина 4,5х10 (елочка) - 1 шт.;;99;1100;1100;0;0;0;;;;;;;;;;;;;;;;;;;;
;Диск колеса 4,0х8 для мотоблоков;Диск колеса 4,0х8 для мотоблоков МКМ-3 Lander, Салют, Крот - комплект на 1 колесо;/UserFiles/Image/shop/disk_kolesa-mini.png;Диск колеса 4,0х8 для мотоблоков МКМ-3 Lander, Салют, Крот - комплект на 1 колесо;/UserFiles/Image/shop/disk_kolesa.png;99;500;500;0;0;0;;;;;Производитель;Мобил К, г. Гагарин;;;;;;;;;;;;;;
;Диск колеса 4,0х10 для мотоблоков, тележек серии ТПМ-350, адаптера АПМ-350;"Диск колеса 4,0х10 для мотоблоков МБ-1 Ока, МБ-2 Нева, Каскад; тележек серии ТПМ-350, а также адаптера АПМ-350 - комплект на 1 колесо";/UserFiles/Image/shop/disk_kolesa-mini.png;"Диск колеса 4,0х10 для мотоблоков МБ-1 Ока, МБ-2 Нева, Каскад; тележек серии ТПМ-350, а также адаптера АПМ-350 - комплект на 1 колесо";/UserFiles/Image/shop/disk_kolesa.png;99;600;600;0;0;0;;;;;Производитель;Мобил К, г. Гагарин;;;;;;;;;;;;;;
;Камера колеса 4,0х8;Камера колеса 4,0х8 - 1 шт.;;Камера колеса 4,0х8 - 1 шт.;;99;250;250;0;0;0;;;;;;;;;;;;;;;;;;;;
;Камера колеса 4,0х10, 4,5x10;Камера колеса 4,0х10, 4,5x10 - 1 шт.;;Камера колеса 4,0х10, 4,5x10 - 1 шт.;;99;270;270;0;0;0;;;;;;;;;;;;;;;;;;;;
;Шкворень для мотоблоков;Шкворень для мотоблоков МБ-1 Ока, МБ-2 Нева, Салют, МКМ-3 Lander, Агрос, НМБ-1 Угра, Фаворит, Каскад;;Шкворень для мотоблоков МБ-1 Ока, МБ-2 Нева, Салют, МКМ-3 Lander, Агрос, НМБ-1 Угра, Фаворит, Каскад;;99;150;150;0;0;0;;;;;Для присоединения к мотоблоку сцепки, лопаты-отвала, тележек серии ТПМ-350, адаптера АПМ-350;;Производитель;Мобил К, г. Гагарин;;;;;;;;;;;;
;Удлинитель грунтозацепов для мотоблоков ;Удлинитель грунтозацепов для мотоблоков Салют, МКМ-3 Lander, Фаворит - комплект;/UserFiles/Image/shop/udlinit_gr_salut-mini.png;Удлинитель грунтозацепов для мотоблоков Салют, МКМ-3 Lander, Фаворит - комплект;/UserFiles/Image/shop/udlinit_gr_salut.png;99;700;700;0;0;0;;;;;Позволяют расширить колею при установке грунтозацепов;;Колея;60 см (между центрами грунтозацепов);Производитель;Мобил К, г. Гагарин;;;;;;;;;;
;Косилка КМ-0,5 Терминатор для мотоблоков;Косилка КМ-0,5 Терминатор для мотоблоков МБ-1 Ока, МБ-2 Нева, МКМ-3 Lander, Каскад, Луч;/UserFiles/Image/shop/Kosilka_KM05_MB_Lander_mini.png;Косилка КМ-0,5 Терминатор для мотоблоков МБ-1 Ока, МБ-2 Нева, МКМ-3 Lander, Каскад, Луч;/UserFiles/Image/shop/Kosilka_KM05_MB_Lander.png;99;10700;10700;0;0;0;;;;;Ширина захвата;50 см;Высота скашиваемой травы;до 50 см;Высота среза;от 5 мм;Рабочая скорость движения;0,5-4 км/ч;Масса;35 кг;Производитель;Мобил К, г. Гагарин;;;;
;Насос водяной (помпа) НМЦ для мотоблоков;Насос водяной (помпа) НМЦ для мотоблоков Салют, МКМ-3 Lander, Фаворит - Новинка!;/UserFiles/Image/shop/nasos_salut-mini.png;Насос водяной (помпа) НМЦ для мотоблоков Салют, МКМ-3 Lander, Фаворит - Новинка!;/UserFiles/Image/shop/nasos_salut.png;99;3800;3800;0;0;0;;;;;Гарантированная всасывающая способность;4 м;Высота подачи воды;24 м;Производительность;12 м3/ч;Количество оборотов рабочего колеса ;3600 об./мин;Наружный диаметр всасывающего/выпускного штуцера;40 мм;Масса;6 кг;Производитель;Мобил К, г. Гагарин;;
;Насос водяной (помпа) НМЦ для мотоблоков;Насос водяной (помпа) НМЦ для мотоблоков МКМ-3 Lander - Новинка!;/UserFiles/Image/shop/nasos_MKM-3-mini.png;Насос водяной (помпа) НМЦ для мотоблоков МКМ-3 Lander - Новинка!;/UserFiles/Image/shop/nasos_MKM-3.png;99;3800;3800;0;0;0;;;;;Гарантированная всасывающая способность;4 м;Высота подачи воды;24 м;Производительность;12 м3/ч;Количество оборотов рабочего колеса ;3600 об./мин;Наружный диаметр всасывающего/выпускного штуцера;40 мм;Масса;6 кг;Производитель;Мобил К, г. Гагарин;;
;Окучник двухрядный ОН-2/2 для мотоблока;Окучник двухрядный ОН-2/2 для мотоблоков МБ-1 Ока, МБ-2 Нева, Салют, МКМ-3 Lander, Агрос, МТЗ Беларус, НМБ-1 Угра, Фаворит, Каскад, Луч;;Окучник двухрядный ОН-2/2 для мотоблоков МБ-1 Ока, МБ-2 Нева, Салют, МКМ-3 Lander, Агрос, МТЗ Беларус, НМБ-1 Угра, Фаворит, Каскад, Луч;;99;3100;3100;0;0;0;;;;;Рабочая скорость окучивания;2-5 км/ч;Масса;не более 15 кг;Производитель;Мобил К, г. Гагарин;Для установки на мотоблок необходима сцепка;;;;;;;;;
